actual_total_amount,predicted_total_amount,absolute_error
64.14,62.75484377936047,1.38515622063953
21.45,19.547073552802033,1.9029264471979666
25.44,26.05516085507378,0.6151608550737784
14.76,14.731261198030808,0.028738801969192096
19.25,18.897712003897514,0.3522879961024863
17.34,16.113469728979144,1.2265302710208559
17.95,17.480255779902745,0.4697442200972546
58.1,79.36988509056275,21.269885090562745
24.9,23.27042304431054,1.6295769556894584
79.99,71.1262577953193,8.86374220468069
16.25,14.723986251884352,1.5260137481156484
29.1,28.798939609874655,0.3010603901253468
101.06,96.60475583981064,4.455244160189366
100.16,96.48389822125789,3.676101778742108
51.3,56.50335044457484,5.203350444574845
29.4,32.75411485915158,3.3541148591515793
20.75,19.898026344563203,0.8519736554367974
19.69,16.52296978076518,3.167030219234821
83.41,70.87067737538112,12.539322624618876
13.63,13.611468809526158,0.01853119047384233
27.25,19.735987164296127,7.514012835703873
18.5,19.08835010458071,0.5883501045807087
21.54,19.11766265284236,2.42233734715764
23.16,20.670069424658166,2.489930575341834
25.84,30.683394785872306,4.843394785872306
55.98,50.08279906876816,5.897200931231836
19.95,20.710283540126706,0.7602835401267072
29.45,26.96044966402107,2.4895503359789295
23.22,22.323554234643687,0.8964457653563116
14.54,19.314555131617176,4.774555131617177
28.26,26.666659588185176,1.5933404118148253
32.95,37.45271318896128,4.50271318896128
13.05,12.419344840976088,0.6306551590239131
20.3,23.02240374839651,2.722403748396509
29.94,27.66349890505194,2.2765010949480597
15.15,13.952824581817694,1.1971754181823062
14.15,17.265181800508863,3.1151818005088625
17.19,15.868770132930633,1.321229867069368
32.06,29.13774839002705,2.922251609972953
16.85,19.163890419333335,2.313890419333333
42.54,52.788934551839034,10.248934551839035
17.19,14.731261198030808,2.4587388019691936
25.74,24.634888053023325,1.105111946976674
25.65,24.11935636316831,1.5306436368316874
83.01,70.87067737538112,12.139322624618885
22.38,22.106399083877307,0.27360091612269244
39.18,38.05386262290724,1.1261373770927605
96.75,97.26699882015242,0.5169988201524234
19.4,22.827926431150793,3.4279264311507944
27.42,26.311015259738294,1.1089847402617075
65.05,72.26682020428953,7.216820204289533
9.6,14.554084721910376,4.954084721910377
16.44,15.911740746006272,0.5282592539937294
18.06,16.06247394362097,1.99752605637903
28.6,31.10792718773684,2.50792718773684
19.8,18.710312983204403,1.0896870167955974
41.9,61.43724182783918,19.537241827839182
31.73,38.49388572911406,6.763885729114062
28.45,34.24310562815372,5.793105628153722
24.95,36.93340522384325,11.983405223843253
12.6,14.386781108581514,1.7867811085815148
52.62,49.931851034003316,2.6881489659966817
39.06,36.748401896344596,2.311598103655406
25.68,24.541790070624195,1.1382099293758046
15.85,14.683003023593201,1.1669969764067982
28.26,27.910107712614902,0.34989228738509937
34.14,32.780240101910955,1.3597598980890453
10.55,12.761574198163416,2.211574198163415
16.55,15.678449199269977,0.8715508007300237
20.65,21.561793838389676,0.9117938383896771
90.96,97.46137551127434,6.501375511274347
100.65,97.2811749387134,3.3688250612866
30.3,28.239824184419568,2.0601758155804326
29.1,27.317369955837258,1.7826300441627438
24.06,22.49803624293454,1.5619637570654596
28.26,27.201476421905276,1.058523578094725
17.34,16.39061540123629,0.9493845987637108
17.28,16.52296978076518,0.7570302192348208
33.29,27.51255813915967,5.77744186084033
15.6,14.743768441182276,0.8562315588177238
17.34,16.03691341572242,1.3030865842775796
12.95,15.86681627261876,2.9168162726187603
29.95,29.813143022920148,0.13685697707985156
40.02,36.780199511946535,3.2398004880534685
31.42,33.0139239630982,1.5939239630981987
15.05,19.551433798053708,4.501433798053707
15.45,15.74526968927489,0.2952696892748907
29.96,38.96294716166813,9.002947161668132
23.22,21.84709177747132,1.3729082225286788
65.55,68.45169028246465,2.9016902824646564
12.25,14.284587999749458,2.0345879997494585
16.67,17.15374785602016,0.4837478560201589
56.76,36.93340522384325,19.826594776156746
17.7,20.23929116645352,2.53929116645352
12.93,17.201500505646436,4.271500505646436
14.3,15.711415478703932,1.4114154787039315
17.35,14.199483399902304,3.1505166000976974
15.6,14.783962970109554,0.8160370298904454
64.76,65.03852506958182,0.2785250695818178
15.15,16.663008636246722,1.513008636246722
20.2,21.254886291757682,1.0548862917576827
28.05,23.452293173789027,4.597706826210974
34.98,33.8736036028101,1.1063963971898971
28.26,27.16921288096246,1.090787119037543
15.05,14.079918043190789,0.9700819568092118
17.25,16.496736737767552,0.7532632622324478
31.62,29.55894368184435,2.06105631815565
25.85,26.45222893726065,0.602228937260648
17.34,16.328336134881113,1.0116638651188872
35.95,36.56267407817795,0.6126740781779461
77.91,69.49686399337483,8.413136006625166
17.34,15.597457778188238,1.742542221811762
29.0,28.075831387312192,0.9241686126878079
46.31,35.446844585851586,10.863155414148416
10.6,14.554084721910376,3.9540847219103767
20.7,19.2588245739709,1.4411754260290977
25.74,25.65961235130228,0.08038764869771953
20.64,20.08055731225039,0.559442687749609
25.74,24.074808261721753,1.6651917382782457
44.22,40.66638286434926,3.5536171356507396
16.8,19.757462459995402,2.9574624599954014
18.94,16.559626124153684,2.380373875846317
16.44,15.965804213309694,0.4741957866903075
91.88,92.88061366794503,1.0006136679450321
32.15,46.80691808805836,14.656918088058362
39.64,26.245903194209532,13.394096805790468
17.34,16.018505985388455,1.3214940146115453
15.2,16.92047416175974,1.7204741617597392
15.4,18.00041006302383,2.600410063023828
19.3,24.619487270424564,5.319487270424563
19.86,19.41099792249233,0.44900207750766796
25.94,22.931226273824375,3.008773726175626
31.47,31.01514372171494,0.45485627828506026
15.8,16.26361160091655,0.4636116009165505
16.0,17.74729329640566,1.7472932964056582
13.3,15.537540856302751,2.2375408563027506
24.06,22.832945010991704,1.2270549890082947
39.94,34.8623657344941,5.0776342655059
36.95,38.35442328047598,1.4044232804759744
23.31,20.98106891189952,2.3289310881004788
15.2,17.489048463742595,2.2890484637425956
23.27,21.16112845599955,2.1088715440004506
24.9,23.02220185787897,1.87779814212103
21.54,20.51079585846394,1.0292041415360593
11.25,13.37468315544451,2.12468315544451
80.96,92.12627780450111,11.16627780450112
20.2,20.85373951345574,0.65373951345574
9.85,13.993362060541084,4.143362060541085
24.9,23.277858051988257,1.6221419480117412
25.85,25.983863371439675,0.13386337143967353
17.55,19.123691865719824,1.5736918657198231
17.95,16.608559213256818,1.3414407867431812
71.25,62.75484377936047,8.49515622063953
29.44,25.919919551474408,3.5200804485255937
16.85,18.086266766571544,1.2362667665715428
14.76,14.731261198030808,0.028738801969192096
58.94,61.33437098918276,2.394370989182761
16.5,15.764623163786709,0.7353768362132911
18.25,20.645881215454754,2.3958812154547537
26.35,26.45364956129628,0.10364956129627956
26.54,31.094324447875707,4.5543244478757074
12.65,15.459635961857659,2.8096359618576585
60.56,49.57942890935829,10.98057109064171
26.06,22.539105380293826,3.520894619706173
19.9,20.609217066970555,0.709217066970556
16.0,18.155337894381898,2.1553378943818977
19.35,18.688862188488418,0.6611378115115834
31.19,28.85116291176425,2.3388370882357528
26.55,27.084053171600797,0.5340531716007959
19.4,22.224166392699626,2.8241663926996274
32.65,31.750835310405844,0.899164689594155
16.31,14.587938932481334,1.7220610675186645
35.82,33.86171148085791,1.9582885191420871
17.95,16.00550626803835,1.94449373196165
67.25,68.9180870481312,1.6680870481311985
30.15,30.20614005196128,0.05614005196128247
27.2,27.72672628928852,0.526726289288522
15.66,15.11544000364124,0.5445599963587604
22.32,21.42871933921545,0.8912806607845489
18.12,17.519003448281886,0.6009965517181151
14.25,16.378106397913278,2.128106397913278
105.26,95.70456870731505,9.555431292684958
20.7,19.8985881955439,0.801411804456098
21.54,20.51631404607871,1.0236859539212908
13.44,16.742161901837324,3.3021619018373247
60.36,64.6540778609908,4.294077860990797
24.84,23.40918137345757,1.430818626542429
16.0,18.591623399168498,2.5916233991684976
31.62,29.523238743795428,2.096761256204573
22.2,21.90794413515893,0.2920558648410676
57.44,67.53102009887169,10.091020098871695
35.14,27.580316607900382,7.559683392099618
15.66,14.783962970109554,0.8760370298904459
34.98,31.479052273090733,3.5009477269092635
44.84,51.09269085010538,6.252690850105374
12.05,14.554084721910376,2.5040847219103757
21.35,22.106399083877307,0.7563990838773051
21.05,22.723951172637374,1.6739511726373735
100.65,97.0604861383051,3.589513861694911
42.54,41.42567882671565,1.1143211732843525
14.4,14.440089486915289,0.040089486915288575
16.75,15.44386868327211,1.3061313167278907
19.02,17.519003448281886,1.5009965517181136
11.8,14.554084721910376,2.7540847219103757
17.55,18.966723465496738,1.4167234654967373
22.38,20.609217066970555,1.7707829330294445
13.75,13.175972181680155,0.5740278183198448
32.46,32.385467192825715,0.07453280717428612
12.6,15.905792357032185,3.3057923570321854
21.75,24.93930573179453,3.18930573179453
13.35,15.04401723972473,1.6940172397247295
27.42,26.309639415248707,1.1103605847512945
28.62,31.313724349012244,2.6937243490122427
85.96,97.54762726203693,11.587627262036932
61.91,62.665263526287156,0.755263526287159
18.18,16.83307885653671,1.346921143463291
32.8,34.66674636837872,1.8667463683787204
25.25,27.488122812550486,2.238122812550486
87.8,96.90880145815022,9.108801458150225
21.35,21.706574242472154,0.35657424247215275
150.62,178.6194311032558,27.9994311032558
81.85,85.79967874134958,3.9496787413495866
22.15,24.56951051860018,2.4195105186001804
37.65,37.46393110836107,0.18606889163892504
65.95,69.1780239466955,3.228023946695501
17.36,17.324282109076353,0.03571789092364597
21.96,21.363645208293374,0.5963547917066272
49.26,44.29587953847324,4.964120461526761
15.6,15.213931169930913,0.3860688300690871
15.6,14.64064070456008,0.9593592954399188
25.74,24.917375463908943,0.8226245360910553
40.62,36.883203258222025,3.7367967417779724
18.18,16.9162565088622,1.2637434911377987
16.31,14.731261198030808,1.578738801969191
34.0,33.30580781502097,0.6941921849790305
29.15,34.26724189993587,5.11724189993587
15.75,19.911868252483544,4.1618682524835435
18.9,23.89301902863568,4.993019028635683
30.31,28.187342307237298,2.1226576927627008
28.35,28.71776808646863,0.36776808646862946
24.06,23.208572392027307,0.8514276079726919
22.38,20.829721170206273,1.5502788297937258
61.87,53.79510855602542,8.074891443974579
71.94,69.1780239466955,2.761976053304494
25.75,23.923111141039673,1.8268888589603272
18.55,18.637631627678086,0.08763162767808552
15.85,14.520393663427296,1.329606336572704
24.19,21.3613194334612,2.8286805665388
55.04,60.92987011223593,5.889870112235933
19.02,17.144446266801307,1.875553733198693
18.0,16.83433719102978,1.1656628089702217
21.05,21.96107537266441,0.9110753726644099
21.56,19.525293379387232,2.0347066206127664
15.66,14.587938932481334,1.072061067518666
20.75,19.708120947644403,1.041879052355597
27.75,28.12049157879176,0.37049157879176065
13.75,12.931526193574499,0.8184738064255015
27.0,29.16192597286318,2.1619259728631803
21.94,23.166361287622717,1.2263612876227157
26.58,24.735989437931277,1.8440105620687213
25.65,24.15545406629261,1.4945459337073892
15.95,18.570778321124944,2.620778321124945
25.24,27.530114642279162,2.290114642279164
12.3,12.501973128961088,0.20197312896108777
86.84,94.98026667826521,8.140266678265206
33.65,37.68658849782415,4.036588497824148
23.85,28.31856664961587,4.46856664961587
100.16,96.20213209687738,3.9578679031226187
17.8,17.519003448281886,0.2809965517181148
42.54,41.4277756157241,1.1122243842758976
18.5,18.931638174639442,0.431638174639442
35.82,32.62589468003682,3.194105319963178
19.25,20.030186252746937,0.7801862527469368
19.02,18.12711194942328,0.8928880505767189
23.22,21.009506936606268,2.2104930633937308
18.5,23.128093032742918,4.6280930327429175
52.6,63.50005745245864,10.90005745245864
20.7,19.14032370124318,1.5596762987568198
15.45,15.470679444116392,0.020679444116392887
100.65,97.46679131962547,3.183208680374534
24.06,22.929500727504664,1.130499272495335
19.4,22.480131934838298,3.080131934838299
23.53,32.5517407154303,9.021740715430298
31.95,30.3357059741725,1.6142940258274976
121.28,113.64832043319704,7.6316795668029584
19.35,18.56434787560363,0.7856521243963712
50.1,47.241017879537786,2.8589821204622154
16.55,15.90332976505844,0.6466702349415598
12.65,16.340021318346825,3.6900213183468242
15.44,14.284587999749458,1.155412000250541
40.81,34.44974758543879,6.360252414561209
16.5,15.493490172428617,1.0065098275713833
24.09,27.19353381080871,3.1035338108087096
100.65,97.16110234990303,3.4888976500969733
14.75,20.192677853059088,5.442677853059088
30.3,34.91882938372889,4.61882938372889
32.96,42.30254737963717,9.342547379637168
20.2,23.2683020716157,3.068302071615701
23.16,22.822355506533803,0.33764449346619685
15.85,15.125629423391384,0.7243705766086155
18.65,17.53772114843586,1.1122788515641382
25.73,32.070928684010504,6.340928684010503
37.65,34.27652261709664,3.37347738290336
14.0,16.77719374575798,2.7771937457579803
24.06,22.88793890991854,1.1720610900814599
101.05,97.2811749387134,3.7688250612865914
14.04,17.508394535740827,3.4683945357408277
43.8,42.5691194932328,1.2308805067671997
21.95,22.321548820225406,0.3715488202254065
53.48,56.217668480329834,2.7376684803298375
19.02,16.987365711274922,2.0326342887250775
25.47,25.772213746245395,0.3022137462453962
20.75,23.105352365907233,2.3553523659072333
21.05,22.052161295922282,1.0021612959222814
16.5,15.299113294100346,1.200886705899654
24.06,21.754188756579474,2.305811243420525
16.55,18.20674300679958,1.65674300679958
26.36,20.355786992404834,6.004213007595165
22.44,19.911868252483544,2.5281317475164578
29.04,27.387605385562807,1.652394614437192
63.61,57.66189858583037,5.948101414169628
13.92,14.199483399902304,0.2794833999023041
21.54,20.81818480100775,0.7218151989922497
71.51,62.7142927664741,8.795707233525903
47.0,57.85788478836644,10.85788478836644
22.44,20.796773964861323,1.643226035138678
29.1,28.136204512668794,0.9637954873312076
16.85,19.752011343118536,2.9020113431185344
21.9,24.938360698006626,3.0383606980066276
23.31,20.08055731225039,3.229442687749607
14.56,13.921634553623608,0.6383654463763921
22.15,25.467114326086275,3.3171143260862763
21.85,22.223403367364863,0.3734033673648618
22.8,22.994125571184952,0.19412557118495144
42.54,39.238911102291745,3.3010888977082544
44.31,30.385628346123045,13.924371653876957
22.44,20.710283540126706,1.7297164598732948
18.23,17.36241290403674,0.867587095963259
66.06,60.90802352589854,5.15197647410146
23.31,21.11940867702401,2.1905913229759904
16.4,16.58533674044182,0.1853367404418229
26.58,24.9514820174965,1.6285179825034994
20.05,23.362090687862285,3.312090687862284
14.35,15.346205559531573,0.9962055595315729
14.01,21.079447972130474,7.069447972130474
14.45,13.575050443192701,0.874949556807298
18.18,16.75099164370551,1.4290083562944886
25.1,26.124620168195893,1.0246201681958915
68.73,62.259844751998465,6.470155248001539
20.64,19.674625955627235,0.9653740443727656
23.16,22.51398614540926,0.6460138545907412
18.18,16.83433719102978,1.3456628089702214
99.21,96.20213209687738,3.007867903122616
16.62,15.911740746006272,0.7082592539937291
26.58,25.69467229064512,0.885327709354879
13.5,15.410014472701151,1.9100144727011514
80.77,70.87067737538112,9.899322624618875
29.94,27.77376622902085,2.166233770979151
79.21,77.04545470178309,2.1645452982169076
15.85,15.387688898596881,0.4623111014031185
27.44,35.070605125883,7.630605125882997
64.71,64.69163016398169,0.01836983601830866
23.06,22.091845284862504,0.9681547151374943
15.54,15.201562662228552,0.33843733777144713
23.1,23.50051953840524,0.4005195384052378
18.9,19.34119182834807,0.4411918283480709
27.25,28.70477823019157,1.4547782301915717
28.58,29.58385143268686,1.0038514326868615
16.19,16.05291586570103,0.13708413429896993
14.7,14.600005473139168,0.0999945268608311
37.35,41.16538497315585,3.815384973155851
26.46,25.517496054010135,0.9425039459898663
13.86,13.905658597323903,0.04565859732390365
86.21,96.45251769750514,10.24251769750515
34.76,30.33058365081271,4.429416349187289
13.86,13.905658597323903,0.04565859732390365
14.7,14.101682634952125,0.5983173650478744
15.05,14.954160718823342,0.09583928117665863
18.06,18.860418076574287,0.8004180765742888
44.12,39.952642714506815,4.167357285493182
24.96,35.15116881344308,10.191168813443078
24.15,26.365105571455725,2.2151055714557266
20.94,28.258882773868272,7.318882773868271
15.25,15.790007749233055,0.5400077492330553
16.83,15.740516412479744,1.0894835875202542
22.26,22.491537927016946,0.23153792701694442
35.44,34.337642922693696,1.1023570773063014
18.05,17.439221480118743,0.6107785198812579
25.93,30.296283752543903,4.366283752543904
18.0,17.020486877178865,0.9795131228211353
24.8,25.136621982024945,0.3366219820249441
21.9,25.94514886847009,4.04514886847009
14.64,16.086850659086313,1.4468506590863122
10.15,11.196240502134824,1.0462405021348236
17.85,17.502692956754775,0.34730704324522677
18.05,18.029127407208595,0.020872592791405964
11.5,11.998592200395562,0.49859220039556185
21.35,19.686918495076178,1.6630815049238237
16.32,16.040354145467553,0.27964585453244695
13.65,13.903087644532983,0.2530876445329824
10.1,11.196240502134824,1.0962405021348243
14.29,27.325949136175012,13.035949136175013
12.25,11.86254488099255,0.3874551190074502
45.21,50.202746707478624,4.992746707478624
65.62,65.20131926243168,0.418680737568323
60.99,52.73089061377283,8.259109386227173
70.51,62.0456601899111,8.464339810088902
93.46,95.96467061334411,2.5046706133441177
12.25,12.259055954788861,0.009055954788861342
53.49,64.47685536126087,10.986855361260872
45.96,51.36227423829371,5.402274238293707
25.81,24.706758701115874,1.1032412988841251
16.95,21.797765479243747,4.847765479243748
26.95,38.255910149235795,11.305910149235796
101.06,95.61072911141888,5.449270888581125
34.8,32.37309267753788,2.426907322462114
75.8,82.36618352575456,6.5661835257545675
18.75,18.362635025626897,0.3873649743731029
14.25,15.414361908017982,1.1643619080179821
14.35,14.586481289071662,0.2364812890716621
15.75,16.2222073769184,0.4722073769184014
27.3,26.723136033614797,0.5768639663852042
27.3,26.305757135250992,0.9942428647490082
103.2,111.98974126280451,8.789741262804512
27.94,21.461987151937127,6.478012848062875
23.96,24.265982973340655,0.3059829733406545
13.95,18.903439163614273,4.953439163614274
35.94,34.65922907641279,1.2807709235872053
16.4,16.201221274102124,0.19877872589787415
15.05,15.946743776043505,0.896743776043504
40.65,41.53831887807456,0.8883188780745641
22.3,21.686439647795204,0.6135603522047965
15.0,15.974226802264358,0.9742268022643579
25.75,27.44570124239069,1.6957012423906903
28.14,28.312170338230885,0.17217033823088457
13.86,13.905658597323903,0.04565859732390365
25.62,24.676968333424576,0.9430316665754255
12.74,19.862476226456028,7.122476226456028
18.9,19.508509990027715,0.6085099900277164
28.93,33.98024218100611,5.050242181006112
27.3,27.03753267184043,0.26246732815956975
24.2,26.413398261544803,2.2133982615448033
27.76,25.11006102565488,2.6499389743451225
32.9,29.038097375764547,3.8619026242354515
20.65,20.588227070776234,0.061772929223764095
71.95,57.92805734133199,14.02194265866801
100.65,96.30795017407256,4.342049825927447
20.55,22.011505829093828,1.4615058290938272
21.95,22.617935204097208,0.6679352040972084
57.0,66.42653644995194,9.42653644995194
76.02,79.74549153530064,3.725491535300648
12.9,13.39358001950317,0.4935800195031703
14.25,14.041705916726919,0.2082940832730813
50.3,50.162011414688344,0.13798858531165337
34.95,39.952642714506815,5.002642714506813
33.68,39.33444247271151,5.654442472711509
17.0,16.43855532549277,0.5614446745072286
20.6,21.143308748162166,0.5433087481621648
20.96,21.925094877687528,0.9650948776875268
30.95,40.217557045824464,9.267557045824464
94.54,69.44538307279834,25.09461692720167
15.05,15.385859695491563,0.33585969549156225
25.75,18.82208918585534,6.92791081414466
15.35,17.299531937928517,1.9495319379285174
22.65,24.296532513617432,1.6465325136174336
90.6,112.98728550034058,22.38728550034058
50.8,53.52689581596021,2.726895815960212
24.06,22.015415440421787,2.0445845595782117
23.45,24.58201508079709,1.132015080797089
99.21,95.9808446127432,3.229155387256796
35.7,37.22715016409542,1.527150164095417
44.94,41.99605683848754,2.9439431615124576
18.06,18.09348762372357,0.033487623723569726
29.13,31.202073233924672,2.072073233924673
9.96,14.600005473139168,4.640005473139167
38.63,50.52758642954803,11.897586429548028
13.93,16.565519163438893,2.635519163438893
31.39,28.738632440762533,2.6513675592374675
23.1,22.755571909930364,0.3444280900696377
31.94,46.942703124200676,15.002703124200675
22.25,23.376755083165683,1.1267550831656834
18.06,17.92114841933963,0.1388515806603685
17.25,18.509849417003714,1.2598494170037142
74.47,86.12611679913816,11.656116799138161
18.05,18.041901602289844,0.008098397710156746
51.4,40.37820925145876,11.021790748541235
21.42,21.22185738493341,0.19814261506659037
12.86,14.600005473139168,1.7400054731391688
47.49,42.90534396370251,4.5846560362974955
100.65,96.00967296713362,4.640327032866381
31.79,36.22153783158998,4.431537831589978
83.75,96.08408270814441,12.334082708144408
11.85,16.88117466085329,5.03117466085329
28.98,28.922757322885353,0.05724267711464748
22.31,21.216420633768948,1.093579366231051
35.94,44.54436947717397,8.604369477173975
13.84,17.99568062422183,4.15568062422183
22.26,22.168746043006596,0.09125395699340544
18.9,18.28300733569632,0.6169926643036803
63.88,66.62406021058753,2.744060210587527
55.46,49.2946901450225,6.165309854977501
24.29,24.879346191793182,0.589346191793183
20.93,22.784732682479163,1.8547326824791632
22.26,22.985013058298616,0.7250130582986145
19.95,21.062091347085445,1.112091347085446
21.35,24.735074465862713,3.3850744658627114
22.14,22.634735056866933,0.49473505686693287
57.77,42.27187958004892,15.498120419951086
104.8,102.82689381150361,1.9731061884963879
12.25,12.79417394897365,0.5441739489736506
38.95,41.53831887807456,2.58831887807456
21.95,22.63543498200994,0.6854349820099408
23.9,23.928838409708376,0.02883840970837781
18.85,21.092229599087876,2.2422295990878744
100.65,95.96467061334411,4.685329386655894
93.45,94.05295539458321,0.6029553945832049
28.14,27.10657510775654,1.0334248922434597
15.05,18.449135935867933,3.399135935867932
17.15,16.434978123624482,0.7150218763755163
24.8,25.612691697219322,0.8126916972193214
38.63,44.34821493152916,5.718214931529154
13.05,14.01512665230242,0.9651266523024198
24.96,32.21921754164789,7.259217541647892
23.94,23.62841091573782,0.3115890842621809
17.95,17.892480014388333,0.05751998561166616
25.55,26.71044635900398,1.1604463590039806
22.05,22.371306639489813,0.3213066394898121
16.32,16.77433741216456,0.45433741216455914
14.35,14.105146316426064,0.2448536835739361
21.72,16.050146940544803,5.669853059455196
9.65,16.357944776730857,6.707944776730857
17.05,18.341128770547108,1.2911287705471075
20.58,20.723441277927243,0.14344127792724493
17.95,21.45404564712716,3.5040456471271604
14.7,14.061488106024843,0.6385118939751564
18.9,17.92114841933963,0.9788515806603684
34.75,34.43595257047447,0.3140474295255302
16.83,15.550409227420998,1.2795907725790006
79.75,95.83808481271247,16.088084812712466
36.54,34.123241694854535,2.416758305145464
71.6,76.90458596425525,5.304585964255253
88.64,92.45860595425572,3.818605954255716
39.55,39.816844704028576,0.2668447040285784
24.94,26.5397888159706,1.599788815970598
32.92,36.9427318778017,4.0227318778016965
33.41,34.068392792415985,0.658392792415988
19.72,20.557676678017526,0.8376766780175267
66.07,57.511921835891485,8.558078164108508
53.0,71.87737180934326,18.87737180934326
32.34,33.22703821355052,0.8870382135505182
34.95,31.485384283440627,3.4646157165593756
23.1,21.73315344991032,1.366846550089683
37.38,35.02925152781213,2.350748472187874
21.94,27.80846788189832,5.868467881898319
27.03,36.47945663981284,9.449456639812837
44.84,44.476425177074375,0.3635748229256279
13.65,14.946538023138203,1.2965380231382024
18.9,19.63864722872551,0.7386472287255117
29.25,31.43944619944264,2.1894461994426386
91.7,96.54441164997846,4.844411649978454
37.94,50.43654053637201,12.49654053637201
20.94,22.385522297456223,1.4455222974562218
82.05,70.78142910376106,11.268570896238941
16.96,22.78274707970965,5.82274707970965
21.25,22.153738198076137,0.9037381980761374
26.7,27.81717816934458,1.1171781693445801
18.06,18.215154966300986,0.15515496630098724
25.25,26.686048562879165,1.436048562879165
32.05,23.56374634112944,8.486253658870556
14.1,13.905658597323903,0.19434140267609656
34.86,28.776475684461772,6.083524315538227
21.42,21.504853529191788,0.08485352919178624
20.55,21.116310601045516,0.5663106010455152
14.7,14.101682634952125,0.5983173650478744
32.34,31.640486460030765,0.6995135399692387
26.46,26.92535554485352,0.4653555448535194
61.95,73.34996899934252,11.39996899934252
30.71,36.05249318320816,5.342493183208163
30.85,33.440777498073565,2.590777498073564
37.38,35.90650781799216,1.4734921820078455
26.25,26.807669628623334,0.5576696286233336
8.89,16.050146940544803,7.160146940544802
25.62,25.010874307347517,0.6091256926524835
65.96,63.492994837412105,2.4670051625878884
19.85,21.873869123260672,2.0238691232606705
24.55,26.015598151245914,1.4655981512459135
20.58,20.55313452671809,0.02686547328190869
21.55,21.393189273025833,0.1568107269741681
20.58,19.9976418203736,0.5823581796263966
26.25,34.71704157045548,8.467041570455478
16.05,16.80252023994343,0.7525202399434292
48.8,49.57631323784467,0.7763132378446755
27.3,26.652900603889247,0.6470993961107538
16.38,16.033521787006514,0.34647821299348536
17.94,17.60455687497975,0.33544312502025164
38.79,35.85920624987218,2.930793750127819
18.05,19.18557641867322,1.135576418673221
55.95,48.93639814893792,7.013601851062084
21.36,22.944511178235107,1.5845111782351076
26.1,25.482233522063694,0.617766477936307
16.24,18.168788408607494,1.9287884086074953
29.9,29.18459126453958,0.7154087354604179
54.22,48.04173671114866,6.1782632888513405
34.85,37.29052961842062,2.4405296184206193
93.45,96.0086188274948,2.558618827494797
16.95,21.956311022606407,5.006311022606408
23.1,22.491537927016946,0.6084620729830554
26.95,27.362498362437716,0.41249836243771654
22.68,30.952611376412705,8.272611376412705
10.15,13.239354218466177,3.089354218466177
30.73,30.391756752929194,0.3382432470708068
25.75,27.392038120027262,1.6420381200272622
19.75,20.42500790098283,0.6750079009828305
68.91,62.36649593297968,6.543504067020315
14.25,14.898349957227062,0.6483499572270617
37.35,38.3850055488592,1.0350055488591963
199.62,169.68146994684798,29.93853005315202
21.42,20.91643330674168,0.5035666932583212
25.36,26.67983821456734,1.3198382145673406
19.85,22.168746043006596,2.3187460430065947
23.0,26.54834023190241,3.5483402319024115
25.1,25.41492498755211,0.3149249875521072
18.95,20.17555446324805,1.2255544632480522
17.95,20.840104951576294,2.890104951576294
27.3,27.168466647768295,0.13153335223170615
65.25,60.55304118209559,4.6969588179044095
26.51,26.311424177242248,0.19857582275775343
21.42,21.42467996217006,0.004679962170058616
80.37,71.79850009806977,8.571499901930238
111.0,97.17989558159387,13.820104418406132
67.66,65.89279703475486,1.7672029652451329
35.75,37.61115460579265,1.861154605792649
34.95,42.94518902257107,7.9951890225710684
16.38,16.034508435367055,0.34549156463294395
74.49,65.84612685662901,8.643873143370982
33.18,31.996064196671373,1.1839358033286267
23.6,21.247720688785165,2.3522793112148364
26.15,31.519375613017207,5.369375613017208
45.75,58.46916229837477,12.71916229837477
191.43,209.04284490935137,17.612844909351367
33.18,30.158284712191566,3.0217152878084335
15.55,16.08399977212036,0.5339997721203602
17.4,20.250287735473716,2.8502877354737173
29.6,25.788265568067853,3.8117344319321482
33.54,23.91623693738727,9.623763062612728
17.1,18.015965969809873,0.9159659698098714
16.75,18.66090918252843,1.9109091825284317
21.42,21.74747184618041,0.3274718461804085
52.48,54.677770395464385,2.1977703954643886
11.85,13.239354218466177,1.3893542184661776
91.7,96.00967296713362,4.309672967133622
11.83,22.152937231915903,10.322937231915903
30.65,32.33339012540562,1.683390125405623
22.98,30.57798051323818,7.597980513238181
15.28,16.685711739713412,1.4057117397134125
19.95,21.70857309648764,1.7585730964876412
87.56,91.07689508837687,3.51689508837687
38.63,36.585488064819465,2.0445119351805374
13.68,19.0834585272762,5.4034585272762
39.9,37.93055200445734,1.9694479955426587
38.95,47.12802077391073,8.178020773910724
33.18,32.20324985944853,0.9767501405514665
18.55,18.578296371404146,0.02829637140414576
24.1,26.418527724285262,2.3185277242852607
25.94,23.12866559967633,2.8113344003236698
14.35,14.062676477544825,0.2873235224551749
18.9,19.169056212276395,0.2690562122763964
32.7,32.75895989187945,0.0589598918794465
18.9,19.013444491992853,0.11344449199285478
26.25,27.018218932498627,0.7682189324986268
18.45,20.953443715397274,2.5034437153972746
29.94,30.525330648053444,0.5853306480534428
15.54,14.531650834773483,1.008349165226516
25.55,27.690099420298388,2.1400994202983874
11.6,16.966598695181737,5.366598695181738
5.71,16.094669446601106,10.384669446601105
15.5,16.573944690166936,1.073944690166936
100.65,96.01164547067144,4.638354529328566
21.93,24.230630493867743,2.300630493867743
75.33,67.85239749534415,7.477602504655849
41.04,37.15262482060257,3.8873751793974307
17.2,17.736831264580402,0.5368312645804032
37.89,32.79740707528275,5.092592924717252
34.02,33.1781267023076,0.8418732976924019
38.4,44.402025007138825,6.002025007138826
45.89,48.94872630831081,3.05872630831081
13.65,13.771916176871725,0.12191617687172496
27.3,27.971351199486016,0.6713511994860148
79.53,67.98566566532087,11.544334334679135
22.2,22.935594681526005,0.7355946815260062
24.94,20.692543792969875,4.247456207030126
30.49,36.585488064819465,6.095488064819467
25.67,31.202073233924672,5.53207323392467
30.94,38.394019454133925,7.454019454133924
95.44,96.08422887807168,0.6442288780716865
89.7,96.44396498175308,6.743964981753081
82.21,83.01358843485544,0.8035884348554418
22.95,28.434829327593878,5.484829327593879
20.75,22.955100682693008,2.2051006826930077
20.58,20.585368165872588,0.005368165872589259
83.46,82.9359572003775,0.5240427996224923
19.74,19.505025180007,0.23497481999299907
16.55,18.115869758545163,1.565869758545162
19.7,20.689587067356282,0.9895870673562825
24.95,28.304917576442104,3.354917576442105
32.55,35.79638349882772,3.2463834988277256
100.65,96.0216823717958,4.628317628204201
19.85,21.4483297547664,1.5983297547664002
18.55,22.374370318228706,3.8243703182287057
20.2,22.83032798792256,2.630327987922559
38.78,30.33904163265162,8.44095836734838
56.11,45.673521236587696,10.436478763412303
64.53,61.87265499587263,2.6573450041273716
11.4,13.199619568176654,1.799619568176654
18.9,19.984059658551377,1.0840596585513786
18.06,21.581470911729077,3.521470911729079
47.1,43.769421096202294,3.330578903797708
72.81,63.747340179534675,9.062659820465328
34.86,34.62853433846125,0.23146566153874915
17.2,17.46575140906782,0.26575140906782124
64.15,57.06402103076752,7.085978969232485
20.95,24.98390170009279,4.033901700092791
27.45,48.25162005414635,20.80162005414635
29.95,31.300229450189374,1.3502294501893743
29.82,29.614735718151085,0.20526428184891543
16.38,16.128090595856964,0.251909404143035
33.93,32.65312705608529,1.2768729439147108
26.4,25.681124711344093,0.7188752886559051
27.45,28.652546399756172,1.202546399756173
14.7,13.952479929684085,0.7475200703159146
19.75,20.85634353142036,1.106343531420361
13.95,15.23465830692342,1.2846583069234203
68.9,67.82281733221687,1.0771826677831342
39.95,42.291778956170944,2.3417789561709412
12.65,14.345934552779873,1.6959345527798728
22.26,21.23127791864548,1.0287220813545233
32.94,37.45665306257092,4.516653062570924
39.94,45.17197457139383,5.231974571393835
87.1,67.82281733221687,19.277182667783123
25.73,29.903647144480594,4.173647144480594
34.86,33.72118962760668,1.1388103723933227
17.52,20.32944907546272,2.8094490754627195
23.29,33.6604885745451,10.3704885745451
20.58,20.548605127151255,0.031394872848743205
14.7,14.594125033420603,0.1058749665793961
45.03,39.50365070274209,5.526349297257909
27.02,83.44918872641604,56.429188726416044
77.13,81.35963886319365,4.229638863193657
17.22,16.52759292523029,0.692407074769708
50.12,46.29468688047017,3.825313119529831
25.0,22.192707823144943,2.807292176855057
64.01,54.62891963661824,9.381080363381763
22.35,24.425641374658774,2.0756413746587725
20.41,22.091264815006422,1.681264815006422
30.95,30.790651304767405,0.15934869523259465
48.94,49.37656755073619,0.4365675507361928
24.96,31.506841500302357,6.546841500302357
20.58,20.55179623829896,0.028203761701039554
28.94,28.241884223907498,0.6981157760925036
66.3,77.99933391887326,11.699333918873265
35.25,37.33629195545591,2.0862919554559127
33.41,41.07077972542283,7.6607797254228345
37.92,29.94383504765878,7.976164952341222
79.93,75.50388175528747,4.426118244712541
12.25,15.059634903106977,2.8096349031069767
16.38,16.37997311369546,2.68863045391754e-05
113.49,91.05202754499099,22.437972455009003
20.25,22.714061938503683,2.464061938503683
42.69,39.04339472859692,3.646605271403075
17.33,17.411056196174876,0.08105619617487747
28.18,40.17104171849103,11.991041718491033
100.65,95.35286074288882,5.2971392571111835
19.88,21.35289035762361,1.472890357623612
37.93,45.73168459414583,7.801684594145833
16.38,16.193892860805178,0.1861071391948208
11.15,13.199619568176654,2.049619568176654
12.18,13.233473778747612,1.0534737787476125
15.31,20.811962583487695,5.501962583487694
17.8,18.095796675491854,0.29579667549185373
29.17,35.380419264799315,6.210419264799313
34.03,38.73824704203261,4.70824704203261
66.01,65.61288205054535,0.3971179494546533
16.05,17.852739544714648,1.8027395447146475
20.1,19.179317646182916,0.9206823538170852
72.36,71.00597135950429,1.354028640495713
15.35,17.050156707873555,1.700156707873555
16.94,22.499703586389703,5.559703586389702
83.0,95.30603205548877,12.306032055488771
28.95,30.280327106264213,1.330327106264214
19.74,19.327450147445226,0.41254985255477195
35.95,38.42731959188838,2.4773195918883744
38.22,36.76664237005248,1.4533576299475186
21.95,23.941923122942775,1.9919231229427758
55.74,45.39282069372573,10.34717930627427
12.65,13.562573014302505,0.9125730143025041
100.65,95.67036286330965,4.979637136690357
17.93,19.409146194093587,1.4791461940935875
26.94,36.758660487421395,9.818660487421393
9.8,17.012514020882925,7.212514020882924
82.21,77.9076560149013,4.3023439850986875
15.94,19.416830015486987,3.4768300154869873
26.36,31.810351621776,5.450351621776001
13.5,13.511322625026308,0.011322625026307875
31.5,34.93887434821843,3.4388743482184267
63.97,57.28657582270897,6.68342417729103
12.9,16.342312239418916,3.442312239418916
100.65,95.32200763958929,5.327992360410718
21.35,22.940384283294982,1.5903842832949806
26.69,25.61245419732886,1.0775458026711426
41.94,47.951594640703505,6.011594640703507
8.87,16.227585150297557,7.357585150297558
22.29,22.527916184465006,0.23791618446500706
67.32,87.835284647667,20.515284647667002
14.64,15.130744105519701,0.4907441055197008
29.94,27.18179520348347,2.75820479651653
17.95,22.6219978171856,4.671997817185602
11.55,13.899778157605338,2.3497781576053374
21.55,22.212856971322207,0.6628569713222063
117.35,105.5240503090723,11.8259496909277
84.21,95.35178995246415,11.141789952464151
18.6,21.593310941778086,2.993310941778084
26.93,26.282485565110726,0.6475144348892741
88.26,95.48564380514219,7.225643805142184
15.65,15.992916905581604,0.34291690558160326
17.22,17.050156707873555,0.1698432921264441
36.54,35.58665537120132,0.953344628798682
15.63,21.043683478081164,5.413683478081163
16.38,15.837763709383367,0.542236290616632
32.34,29.888799467773726,2.4512005322262773
36.94,41.469040360084406,4.529040360084409
12.87,17.66507989837353,4.795079898373531
31.3,31.665836560750858,0.36583656075085713
27.45,33.71160671413569,6.2616067141356915
24.15,26.863734519861936,2.713734519861937
60.9,63.5910971223713,2.6910971223713034
16.19,14.730172352823613,1.4598276471763878
71.39,68.64513014156257,2.7448698584374256
50.98,57.06402103076752,6.0840210307675235
47.4,50.04605619115739,2.646056191157392
21.95,22.85397282650183,0.9039728265018319
97.15,95.322257278487,1.8277427215130047
21.94,23.356586932006234,1.4165869320062328
41.95,45.79756013243373,3.8475601324337276
49.94,55.723405003234475,5.783405003234478
26.57,29.623996825093545,3.053996825093545
20.55,20.295594864891758,0.25440513510824303
15.37,19.016182080978368,3.6461820809783685
48.15,42.601602587237565,5.548397412762434
71.33,63.33853190058417,7.991468099415826
12.95,12.79417394897365,0.15582605102634872
18.55,18.87640723994882,0.3264072399488178
28.94,29.903647144480594,0.9636471444805927
28.71,40.54712549734797,11.83712549734797
19.95,24.945831358638166,4.995831358638167
15.0,19.327450147445226,4.3274501474452265
31.55,35.64735116334233,4.097351163342328
25.13,27.962712908580176,2.832712908580177
21.35,25.949850687979158,4.599850687979156
14.25,14.892469517508497,0.6424695175084967
18.96,29.238910907098578,10.278910907098577
10.15,11.196240502134824,1.0462405021348236
18.06,18.27712689597775,0.2171268959777528
15.54,15.676049646280132,0.13604964628013327
47.46,46.58705531802053,0.8729446819794688
16.38,16.02862799564849,0.3513720043515107
24.94,27.992414499147454,3.052414499147453
33.55,37.83073574847501,4.28073574847501
25.95,29.61141016173374,3.661410161733741
72.67,50.9559641356356,21.714035864364405
25.45,29.96803290878277,4.5180329087827715
29.96,28.024935429001992,1.9350645709980085
18.9,19.16192657939953,0.2619265793995318
84.0,96.0077810626711,12.0077810626711
94.21,95.48564380514219,1.2756438051421952
18.55,21.21714774559305,2.6671477455930486
12.95,13.86592394703438,0.915923947034381
34.02,33.373471187733855,0.6465288122661477
17.06,15.374268690525517,1.6857313094744821
10.85,13.511322625026308,2.6613226250263082
57.25,45.483893249927,11.766106750073
21.95,27.608317707504995,5.658317707504995
47.46,56.33445728333327,8.874457283333271
83.0,95.35286074288882,12.352860742888822
95.16,94.36543577795825,0.7945642220417426
94.21,95.35103440927828,1.1410344092782907
24.15,24.72842336118291,0.5784233611829102
21.4,21.648962289293305,0.24896228929330633
36.3,37.266556221948115,0.9665562219481174
16.95,22.097061237781112,5.147061237781113
35.69,36.44441275456645,0.7544127545664523
35.94,44.41853418115365,8.478534181153655
71.26,67.1966429471341,4.063357052865911
19.94,26.658942189126414,6.7189421891264125
81.96,95.45479070184265,13.49479070184266
43.04,53.288027198329615,10.248027198329616
20.8,28.99347329296518,8.19347329296518
14.35,14.092000190428648,0.25799980957135205
21.42,22.155004362103753,0.7350043621037514
20.04,18.817418225041195,1.2225817749588046
17.45,19.301597553599517,1.8515975535995182
53.0,64.46370606378025,11.46370606378025
16.35,15.413884439924544,0.9361155600754572
56.93,58.99042753306003,2.060427533060029
42.94,46.74505085032404,3.8050508503240437
20.58,18.732058088486596,1.8479419115134021
34.8,32.80210329206446,1.9978967079355385
16.13,17.043246119070183,0.9132461190701839
18.95,21.22894538301057,2.2789453830105693
13.28,14.594125033420603,1.3141250334206038
101.05,95.45479070184265,5.595209298157343
17.06,16.3311656640449,0.7288343359550993
84.0,91.91293454380956,7.9129345438095555
13.86,13.649128996952209,0.2108710030477905
26.45,25.406565010784618,1.0434349892153811
49.47,50.535463888966255,1.0654638889662564
19.74,19.023628822486817,0.7163711775131816
29.59,41.879008455986074,12.289008455986075
12.85,13.511322625026308,0.6613226250263082
19.25,22.592343161399825,3.3423431613998247
46.94,31.617751124148523,15.322248875851475
24.73,32.895719100503925,8.165719100503924
17.95,17.525670273175322,0.42432972682467707
18.9,18.282625075640542,0.6173749243594564
21.77,27.622256855299554,5.852256855299554
92.21,95.70784168416095,3.49784168416096
20.75,27.463465821762682,6.713465821762682
51.96,60.45325940330031,8.493259403300307
21.72,19.119808594416988,2.6001914055830113
18.45,18.831892932529282,0.3818929325292828
21.95,27.131886045106338,5.181886045106339
64.71,56.74321708737816,7.966782912621831
18.78,18.848031472295936,0.0680314722959352
16.38,16.60191846101933,0.22191846101933166
29.81,26.43615705806361,3.3738429419363882
22.26,22.174853054701188,0.08514694529881339
82.91,99.25884318687262,16.348843186872628
107.9,95.81791595320313,12.08208404679688
34.1,36.378331553946886,2.2783315539468845
27.94,36.98102576479446,9.041025764794458
40.0,40.35937180277564,0.35937180277564096
21.96,28.526576503416475,6.566576503416474
29.18,34.1966518776444,5.016651877644399
32.42,32.01572978444658,0.40427021555342435
40.94,41.40061221042822,0.46061221042822353
22.05,22.8633706166027,0.8133706166027004
91.7,95.78706284990359,4.087062849903589
52.71,50.297830966396155,2.4121690336038455
21.93,19.038739117211144,2.891260882788856
17.22,17.404748301366258,0.18474830136625897
18.9,17.62902283341031,1.270977166589688
82.4,86.50693129001635,4.106931290016348
96.99,88.9489796705932,8.041020329406791
29.22,37.00967075928016,7.789670759280163
15.05,15.53881373237972,0.4888137323797199
80.95,61.8651574993427,19.084842500657302
23.94,23.738131436520984,0.20186856347901738
18.9,18.163414884256724,0.7365851157432743
43.94,34.879734262232,9.060265737767999
13.65,13.871301779376683,0.22130177937668272
28.99,28.529528141142706,0.4604718588572929
16.19,15.34155115382531,0.8484488461746906
100.65,95.13376964482205,5.516230355177953
36.05,33.676214945743226,2.3737850542567713
32.24,27.412066275884385,4.827933724115617
20.58,20.491226270008983,0.08877372999101496
27.36,30.764006165098266,3.4040061650982665
13.8,14.183333521532107,0.38333352153210676
22.65,24.230795024987984,1.5807950249879852
9.75,18.13342259440988,8.383422594409879
69.11,66.67123740909643,2.438762590903565
20.93,30.41422440255754,9.48422440255754
81.68,88.306992840922,6.626992840922
108.87,94.9059770318847,13.964022968115302
16.2,18.37044892783789,2.1704489278378922
16.11,16.768047061190945,0.6580470611909455
56.24,60.04797727150802,3.8079772715080153
48.95,41.39954747745915,7.550452522540851
8.3,11.86254488099255,3.562544880992549
77.48,81.36828516312349,3.8882851631234843
92.21,94.9699889754393,2.759988975439313
69.41,72.59935113045944,3.1893511304594426
20.58,20.024542719430226,0.5554572805697724
19.79,20.061979941908696,0.2719799419086968
62.18,64.9641228874546,2.7841228874545934
11.85,13.233473778747612,1.3834737787476126
23.59,29.47663240865626,5.886632408656261
25.33,20.95738755202975,4.372612447970248
24.74,32.02214633345653,7.282146333456534
80.21,90.55030273364295,10.340302733642957
18.15,20.473310075623584,2.323310075623585
49.4,67.28437455575406,17.884374555754057
54.4,49.205664699704876,5.194335300295123
24.85,25.21547090434088,0.3654709043408779
104.31,95.0611053375541,9.248894662445906
31.72,32.895719100503925,1.175719100503926
76.75,82.61714897348773,5.86714897348773
16.4,16.980752226889336,0.5807522268893379
22.26,22.282209538314145,0.02220953831414363
36.94,34.87852330247722,2.061476697522778
101.05,94.56164976316805,6.488350236831948
